{
  "total_examples": 10,
  "n_vulnerable_prompts": 4,
  "n_clean_prompts": 6,
  "baseline": {
    "avg_security_score": 0.7998066021129489,
    "avg_security_score_vul1": 0.5207365336827934,
    "avg_security_score_vul0": 0.9858533143997192,
    "avg_acceptance_rate": 0.6204465010667449,
    "syntax_valid_rate": 0.0,
    "avg_time_s": 3.181457781791687
  },
  "security_aware": {
    "avg_security_score": 0.8488172311510425,
    "avg_security_score_vul1": 0.7440633969818009,
    "avg_security_score_vul0": 0.9186531205972036,
    "avg_acceptance_rate": 0.677096267620268,
    "syntax_valid_rate": 0.0,
    "avg_time_s": 3.6255237817764283
  },
  "improvement": {
    "score_delta_vul1": 0.22332686329900753,
    "score_delta_all": 0.04901062903809361,
    "fraction_improved_vul1": 0.75,
    "fraction_degraded_vul1": 0.25,
    "acceptance_rate_delta": 0.05664976655352305
  },
  "per_cwe": {
    "CWE-119": {
      "n": 2,
      "baseline_avg_score": 0.09256759937852621,
      "security_avg_score": 0.4985984359809663,
      "score_delta": 0.4060308366024401,
      "fraction_improved": 0.5
    },
    "CWE-120": {
      "n": 1,
      "baseline_avg_score": 0.9170965552330017,
      "security_avg_score": 0.9982060194015503,
      "score_delta": 0.08110946416854858,
      "fraction_improved": 1.0
    },
    "CWE-125": {
      "n": 1,
      "baseline_avg_score": 0.9807143807411194,
      "security_avg_score": 0.9808506965637207,
      "score_delta": 0.00013631582260131836,
      "fraction_improved": 1.0
    }
  },
  "config": {
    "dataset_path": "~/testing/secure-codegen/data/combined_dataset",
    "scorer_path": "~/testing/secure-codegen/data/models/security_scorer/final",
    "n_samples": 10,
    "per_cwe": 3,
    "max_new_tokens": 128,
    "gamma": 5,
    "security_lambda": 1.0,
    "threshold": 0.5,
    "temperature": 0.7,
    "output_dir": "./eval_results",
    "smoke_test": true,
    "split": "test"
  },
  "elapsed_minutes": 1.220342250665029
}